Date,Closed_Ledgers,7_Day_MA,14_Day_MA,Lag_1,Lag_7,Lag_14
2017-08-20,0.7477166632839456,0.6346815130178479,0.6320474777448074,0.6657183499288762,0.6066098081023454,0.5613839285714286
2017-08-21,0.6182261010757053,0.6392336662845914,0.6322230611205726,0.7474090631985368,0.5692963752665245,0.5779017857142857
2017-08-22,0.5173533590420134,0.6431635827738655,0.6311520025284005,0.6177606177606177,0.4673773987206823,0.4828125
2017-08-23,0.5141059468236249,0.6504666775831014,0.6325742278721048,0.5167648851859378,0.4420042643923241,0.4475446428571428
2017-08-24,0.5429267302618226,0.6548550843294575,0.6360507787122717,0.5135135135135135,0.4912579957356077,0.453125
2017-08-25,0.6030038563020094,0.6567545439659401,0.6368584622407951,0.5423694371062792,0.5705756929637527,0.553125
2017-08-26,0.5137000202963263,0.6321598166038968,0.6241637841729142,0.6025198130461288,0.6492537313432836,0.6265625
2017-08-27,0.6046275624112035,0.6090715572294083,0.6223552754025249,0.5131070920544605,0.7349680170575693,0.5881696428571429
2017-08-28,0.5709356606454232,0.6014409693794003,0.6207047916703246,0.604145498882341,0.5989339019189766,0.5491071428571429
2017-08-29,0.6228942561396388,0.61847060749959,0.6319421277193475,0.5704125177809388,0.4929637526652452,0.4424107142857142
2017-08-30,0.6097016440024355,0.6338955297199936,0.6441276139975065,0.6224344645397277,0.4895522388059701,0.4158482142857143
2017-08-31,0.6340572356403491,0.6485999672506956,0.6543641248046637,0.6092257671205039,0.5198294243070363,0.4674107142857143
2017-09-01,0.5536837832352344,0.6406418863599144,0.6511158323529929,0.6336110546636863,0.5829424307036247,0.5504464285714286
2017-09-02,0.674649888370205,0.666612084493204,0.65185328253121,0.5531396057711847,0.4891257995735608,0.6328125
2017-09-03,0.649279480414045,0.6738169313902076,0.6433374888065595,0.6742532005689901,0.5846481876332622,0.7225446428571428
2017-09-04,0.6182261010757053,0.6814475192402156,0.6433374888065595,0.6488518593781751,0.5492537313432836,0.5801339285714285
2017-09-05,0.6427846559772681,0.68465695103979,0.6541885414288976,0.6177606177606177,0.6038379530916844,0.4691964285714285
2017-09-06,0.5733712198092146,0.6787948256099555,0.6593155760012639,0.6423491160333266,0.5899786780383796,0.465625
2017-09-07,0.5747919626547595,0.6692320288193873,0.6620722350007899,0.5728510465352571,0.6155650319829424,0.4973214285714286
2017-09-08,0.5315607874974629,0.665662354674963,0.6558917001738278,0.5742735216419427,0.5311300639658849,0.5633928571428571
2017-09-09,0.6517150395778364,0.6619616833142291,0.6678313697259144,0.5309896362527942,0.6582089552238806,0.4651785714285714
2017-09-10,0.7243758879642784,0.6740789258228262,0.6781907888961068,0.6512903881324934,0.6315565031982943,0.5651785714285714
2017-09-11,0.7229551451187335,0.6909775667267072,0.691341983740979,0.7240398293029872,0.5989339019189766,0.528125
2017-09-12,0.7229551451187335,0.7039135418372354,0.699998244166242,0.7226173541963016,0.6247334754797441,0.5852678571428571
2017-09-13,0.7416277653744672,0.7310627149173078,0.7114111635910312,0.7226173541963016,0.5518123667377399,0.5707589285714286
2017-09-14,0.6894662066166024,0.7495660717209758,0.7162045897494425,0.7413127413127413,0.5533049040511727,0.5975446428571428
2017-09-15,0.6803328597523848,0.7735713116096282,0.7271609923972395,0.6890875838244259,0.5078891257995736,0.5091517857142858
2017-09-16,0.8159123198701035,0.8000654986081542,0.739381595350552,0.6799431009957326,0.6341151385927505,0.6421875
2017-09-17,0.7925715445504363,0.8110692647781231,0.7517777816796306,0.8156878683194473,0.7104477611940299,0.6142857142857143
2017-09-18,0.7686218794398214,0.8184378581955134,0.7647885098238902,0.7923186344238976,0.7089552238805971,0.5801339285714285
2017-09-19,0.7600974223665516,0.8244309808416567,0.7749372289431639,0.7683397683397684,0.7089552238805971,0.6071428571428571
2017-09-20,0.6880454637710575,0.8157851645652524,0.7848576896739415,0.7598049176996545,0.7285714285714285,0.5308035714285714
2017-09-21,0.6521209661051349,0.8097592926150315,0.7915474162906255,0.6876651087177403,0.673773987206823,0.5323660714285714
2017-09-22,0.4737162573574183,0.7764205010643518,0.7865432900812954,0.6516968095915464,0.664179104477612,0.4848214285714285
2017-09-23,0.6612543129693526,0.7514655313574584,0.7873685319473952,0.4730745783377362,0.8066098081023454,0.6169642857142857
2017-09-24,0.506190379541303,0.7052562633044047,0.7684933190525521,0.6608412924202398,0.7820895522388059,0.696875
2017-09-25,0.5796630809823422,0.6747666612084493,0.7560971327234736,0.5055882950619792,0.7569296375266524,0.6953125
2017-09-26,0.4396184290643393,0.6230555100704104,0.7315856934665422,0.5791505791505791,0.7479744136460554,0.6953125
2017-09-27,0.3791353764968541,0.5732110692647782,0.7002265025547381,0.438935175777281,0.6722814498933902,0.7158482142857143
2017-09-28,0.4089709762532981,0.5339774029801864,0.6759608800238791,0.3783783783783784,0.63454157782516,0.6584821428571429
2017-09-29,0.4386036127460929,0.5283117733748154,0.6550488999701508,0.4082503556187766,0.4471215351812366,0.6484375
2017-09-30,0.4755429267302618,0.4983461601440964,0.6256035678541957,0.4379191221296484,0.644136460554371,0.7975446428571429
2017-10-01,0.3836005682971382,0.4785655804814143,0.59022351763735,0.4749034749034749,0.4812366737739872,0.771875
2017-10-02,0.4720925512482241,0.4612084493204514,0.5645707864379403,0.3828490144279618,0.5584221748400853,0.7455357142857143
2017-10-03,0.4414450984371829,0.4615031930571477,0.5370041964426807,0.471448892501524,0.4113006396588486,0.7361607142857143
2017-10-04,0.5055814897503552,0.4819060094972984,0.5212192509613187,0.4407640723430197,0.3477611940298507,0.6569196428571429
2017-10-05,0.3590420133955754,0.473849680694285,0.4958650115007114,0.5049786628733998,0.3791044776119402,0.6174107142857143
2017-10-06,0.4426628780190785,0.4745046667758305,0.4931785858514916,0.358260516155253,0.4102345415778252,0.4212053571428571
2017-10-07,0.3831946417698396,0.4596037334206643,0.4691236633715515,0.4419833367201788,0.4490405117270789,0.6274553571428572
2017-10-08,0.4012583722346255,0.4624529228753886,0.4600460028444508,0.3824425929689087,0.3524520255863539,0.4569196428571428
2017-10-09,0.4024761518165212,0.4512199115768787,0.44471757414008,0.4005283478967689,0.4454157782515991,0.5377232142857142
2017-10-10,0.3911102090521615,0.4430980841657109,0.4405211314592733,0.4017476122739281,0.4132196162046908,0.3837053571428571
2017-10-11,0.3811650091333469,0.4230227607663334,0.4406967148350394,0.390367811420443,0.4805970149253731,0.3171875
2017-10-12,0.389283539679318,0.4279024070738493,0.4389935560901091,0.3804104856736435,0.3266524520255863,0.35
2017-10-13,0.4138420945808808,0.4232520058948744,0.436851438905764,0.3885389148547043,0.414498933901919,0.3825892857142857
2017-10-14,0.459711792165618,0.4355984935320126,0.4354818885747896,0.4131274131274131,0.3520255863539445,0.4232142857142857
2017-10-15,0.7231581083823828,0.4875388897985917,0.4648569873404384,0.4590530380004064,0.371002132196162,0.3220982142857143
2017-10-16,0.3969961436979907,0.4866546585885045,0.4583604024370968,0.7228205649258281,0.3722814498933902,0.4194196428571428
2017-10-17,0.3450375482037751,0.4792205665629606,0.4500201920882133,0.396260922576712,0.3603411513859275,0.3857142857142857
2017-10-18,0.310127866856099,0.4677583101359097,0.4331115130019484,0.3442389758179232,0.3498933901918976,0.45625
2017-10-19,0.3143900953927339,0.4556738169313901,0.4292486787350976,0.3092867303393619,0.3584221748400852,0.2950892857142857
2017-10-20,0.3771057438603613,0.4497461928934005,0.4235773356978557,0.3135541556594188,0.3842217484008529,0.3870535714285714
2017-10-21,0.3915161355794601,0.4387424267234316,0.4242972275384965,0.3763462710831132,0.432409381663113,0.3216517857142857
2017-10-22,0.4152628374264258,0.3890617324381859,0.425508752831282,0.390774232879496,0.7091684434968017,0.3415178571428571
2017-10-23,0.4166835802719708,0.3922384149336825,0.4267378364616439,0.4145498882340988,0.3665245202558635,0.3428571428571428
2017-10-24,0.376902780596712,0.397380055673817,0.425508752831282,0.4159723633407844,0.3119402985074627,0.3303571428571428
2017-10-25,0.3196671402476151,0.3989192729654497,0.4201885765455724,0.3761430603535867,0.2752665245202558,0.3194196428571428
2017-10-26,0.3706109194235843,0.4079908301948583,0.4185732094885256,0.3188376346271083,0.2797441364605543,0.3283482142857143
2017-10-27,0.398010960016237,0.4113640085148191,0.4172036591575512,0.3698435277382645,0.3456289978678038,0.3553571428571428
2017-10-28,0.3815709356606454,0.409759292615032,0.4104436991905609,0.3972769762243446,0.3607675906183369,0.4058035714285714
2017-10-29,0.3815709356606454,0.404322908138202,0.3808930170491459,0.3808169071326966,0.3857142857142857,0.6955357142857143
2017-10-30,0.3641160949868074,0.3958408383821843,0.3780485663617363,0.3808169071326966,0.3872068230277185,0.3368303571428571
2017-10-31,0.3722346255327786,0.3950876043884068,0.3804013835970011,0.363340784393416,0.3454157782515991,0.2796875
2017-11-01,0.8299167850619038,0.4774193548387093,0.4253682861306686,0.3714692135744767,0.2852878464818763,0.2412946428571428
2017-11-02,0.8443271767810027,0.5538562305551005,0.4712131055431666,0.8297094086567771,0.3388059701492537,0.2459821428571428
2017-11-03,0.8755835193829917,0.6309153430489604,0.5143363826312922,0.84413737045316,0.367590618336887,0.3149553571428571
2017-11-04,0.9370813882687232,0.7205501883084986,0.5615331940371883,0.8754318228002439,0.350319829424307,0.3308035714285714
2017-11-05,0.8962857722752182,0.8036024234485016,0.603146454093726,0.9370046738467792,0.350319829424307,0.3569196428571428
2017-11-06,0.8869494621473514,0.8879646307515965,0.6438291222587041,0.8961593172119487,0.3319829424307036,0.3584821428571428
2017-11-07,0.894662066166024,0.9722613394465368,0.6886204414166065,0.8868116236537289,0.3405117270788912,0.3147321428571428
2017-11-08,0.855490156281713,0.9763877517602751,0.7349744526188255,0.8945336313757366,0.8213219616204691,0.2517857142857143
2017-11-09,0.8491982951085854,0.9771737350581294,0.7763770126244446,0.8553139605771185,0.8364605543710021,0.3078125
2017-11-10,0.86198498071849,0.9749795316849512,0.816515372324548,0.8490144279617964,0.8692963752665245,0.3379464285714286
2017-11-11,0.8295108585346053,0.9576224005239884,0.8552666233561007,0.8618167039219671,0.9339019189765458,0.3198660714285714
2017-11-12,0.7757255936675461,0.9381693139020796,0.8893649149298547,0.829302987197724,0.891044776119403,0.3198660714285714
2017-11-13,0.8463568094174955,0.9316194530866212,0.9310835250118522,0.7754521438731965,0.8812366737739872,0.3006696428571428
2017-11-14,0.8238278871524254,0.920189945963648,0.9701508261197828,0.8461694777484251,0.8893390191897654,0.3095982142857142
2017-11-15,0.8355997564440836,0.9169805141640736,0.9706424595719276,0.8236130867709816,0.8481876332622601,0.8129464285714286
2017-11-16,0.8374264258169272,0.915081054527591,0.9700454760943238,0.8353993090835196,0.8415778251599147,0.8287946428571429
2017-11-17,0.9188146945402882,0.9242508596692318,0.9737854019981383,0.8372282056492583,0.8550106609808102,0.8631696428571428
2017-11-18,0.8636086868276842,0.9297527427542164,0.9674292837954104,0.9187157081893924,0.8208955223880597,0.9308035714285714
2017-11-19,0.8715242541100061,0.9452104142786966,0.9652871666110652,0.8634423897581792,0.7643923240938166,0.8859375
2017-11-20,0.8644205398822813,0.9481251023415744,0.9633381911400624,0.8713676082097135,0.838592750533049,0.8756696428571429
2017-11-21,0.8906028008930383,0.9588996233830024,0.9629870243885312,0.8642552326762853,0.8149253731343283,0.8841517857142858
2017-11-22,0.9177998782220418,0.9721630915343048,0.968377434024546,0.8904694167852063,0.8272921108742004,0.8410714285714286
2017-11-23,1.0,0.9983952841002128,0.9814232788439592,0.9176996545417598,0.8292110874200427,0.8341517857142857
2017-11-24,0.8841079764562614,0.9927951531029964,0.9833371376398083,1.0,0.9147121535181236,0.8482142857142857
2017-11-25,0.8682768418916176,0.9935483870967738,0.986690780116938,0.8839666734403576,0.8567164179104477,0.8125
2017-11-26,0.8981124416480617,0.9978385459308988,0.9972784576756276,0.8681162365372892,0.8650319829424307,0.7533482142857143
2017-11-27,0.8778161152831337,1.0,1.0,0.8979882137776874,0.8575692963752666,0.8310267857142857
2017-11-28,0.7984574791962655,0.9851318159489106,0.9978052078029248,0.8776671408250356,0.8850746268656716,0.80625
2017-11-29,0.7816115283133753,0.9631570329130504,0.9931346900075498,0.7982117455801666,0.9136460554371002,0.8191964285714286
2017-11-30,0.8353967931804344,0.9365973473063692,0.9929591066317838,0.7813452550294655,1.0,0.8212053571428571
2017-12-01,0.8266693728435153,0.9273292942524972,0.9849876213720088,0.8351960983539931,0.8782515991471216,0.9107142857142856
2017-12-02,0.8506190379541303,0.9244801047977728,0.983863887767106,0.8264580369843528,0.8616204690831557,0.85
2017-12-03,0.8782220418104323,0.9212706729981984,0.984443312907134,0.850436903068482,0.8929637526652452,0.8587053571428571
2017-12-04,0.894662066166024,0.9239888652366132,0.9870595052060468,0.8780735622840886,0.8716417910447761,0.8508928571428571
2017-12-05,0.8104323117515729,0.9259210741771734,0.9801239618632912,0.8945336313757366,0.788272921108742,0.8796875
2017-12-06,0.7964278465597727,0.9283117733748156,0.9696240759924852,0.8102011786222313,0.7705756929637526,0.9095982142857144
2017-12-07,0.8477775522630404,0.9303094809235304,0.956455322810036,0.7961796382849015,0.8270788912579957,1.0
2017-12-08,0.840267911508017,0.9325036842967084,0.9526627218934912,0.8475919528551108,0.817910447761194,0.8725446428571428
2017-12-09,0.8260604830525675,0.9285410185033568,0.9490105876775584,0.8400731558626295,0.8430703624733475,0.8551339285714286
2017-12-10,0.8128678709153643,0.91799574259047,0.9416360858953872,0.8258484047957733,0.8720682302771855,0.8879464285714286
2017-12-11,0.8240308504160747,0.9065989847715734,0.9369831264375892,0.8126397073765494,0.8893390191897654,0.865625
2017-12-12,0.7943982139232799,0.9040117897494676,0.9366319596860572,0.823816297500508,0.8008528784648188,0.7783482142857143
2017-12-13,0.8086056423787295,0.9059767479941048,0.9389672185837448,0.7941475309896363,0.7861407249466951,0.7598214285714285
2017-12-14,0.7854678303227116,0.8959227116423777,0.9346478675399016,0.8083722820564926,0.8400852878464818,0.8189732142857142
2017-12-15,0.7838441242135173,0.8868184051088913,0.9309430583112388,0.7852062588904695,0.8321961620469083,0.809375
2017-12-16,0.8179419525065963,0.8855084329457997,0.9281161659614064,0.7835805730542572,0.81727078891258,0.8357142857142857
2017-12-17,0.8323523442256952,0.8886523661372195,0.9241479816690958,0.8177199756147124,0.803411513859275,0.8660714285714286
2017-12-18,0.8284960422163589,0.8893728508269194,0.9184239636191248,0.8321479374110953,0.815138592750533,0.8841517857142858
2017-12-19,0.840267911508017,0.8967741935483864,0.9210050392428848,0.8282869335500914,0.7840085287846482,0.7915178571428572
2017-12-20,0.7954130302415263,0.8946454887833628,0.9209172475550014,0.8400731558626295,0.7989339019189765,0.7761160714285714
2017-12-21,0.8374264258169272,0.9030293106271492,0.9200217723385954,0.7951635846372689,0.7746268656716417,0.8325892857142857
2017-12-22,0.8148975035518571,0.908039954150974,0.9178269801415204,0.8372282056492583,0.7729211087420043,0.8243303571428572
2017-12-23,0.879439821392328,0.9179629932863922,0.9224448229241656,0.8146718146718147,0.8087420042643924,0.8087053571428572
2017-12-24,0.8857316825654556,0.9265760602587187,0.9287482661141648,0.8792928266612478,0.8238805970149253,0.7941964285714286
2017-12-25,0.917190988431094,0.940887506140494,0.9368075430618232,0.8855923592765698,0.8198294243070362,0.8064732142857143
2017-12-26,0.8232189973614775,0.938136564598002,0.9393008269976996,0.9170900223531804,0.8321961620469083,0.7738839285714286
2017-12-27,0.8780190785467831,0.9514655313574586,0.9453057784488964,0.823003454582402,0.7850746268656716,0.7895089285714286
2017-12-28,0.8534605236452202,0.9540527263795642,0.9511878215370572,0.8778703515545621,0.8292110874200427,0.7640625
2017-12-29,0.800284148569109,0.9516947764859996,0.9526100468807616,0.8532818532818532,0.805543710021322,0.7622767857142857
2017-12-30,0.8193626953521412,0.9420009824791225,0.9527329552437976,0.8000406421459053,0.8733475479744136,0.7997767857142857
2017-12-31,0.8203775116703876,0.9314557065662354,0.9516970133267784,0.8191424507213981,0.8799573560767591,0.815625
2018-01-01,0.8258575197889182,0.916718519731455,0.9514687549382822,0.8201585043690307,0.913006396588486,0.8113839285714286
2018-01-02,0.7976456261416683,0.9125921074177168,0.9477815040471964,0.8256451940662467,0.8142857142857143,0.8243303571428572
2018-01-03,0.7822204181043231,0.8971344358932372,0.9466402121047182,0.7973989026620606,0.8718550106609808,0.775
2018-01-04,0.7617211284757459,0.8823317504503022,0.9400909521886468,0.7819548872180451,0.8460554371002132,0.8212053571428571
2018-01-05,0.8112441648061701,0.8841002128704759,0.939774902112268,0.7614306035358667,0.7901918976545842,0.7964285714285714
2018-01-06,0.8153034300791556,0.8834452267889306,0.9342264674380631,0.8110140215403373,0.8102345415778252,0.8674107142857143
2018-01-07,0.8483864420539883,0.8879646307515965,0.9309957333239688,0.8150782361308677,0.8113006396588486,0.8743303571428571
2018-01-08,0.8776131520194844,0.8963157032913044,0.9275718574965318,0.8482015850436903,0.8170575692963753,0.9089285714285714
2018-01-09,0.8688857316825654,0.907810709022433,0.9315224834512672,0.877463930095509,0.7874200426439233,0.8055803571428571
2018-01-10,0.8548812664907651,0.9195349598821024,0.9295208329675344,0.8687258687258688,0.7712153518123668,0.8658482142857142
2018-01-11,0.7645626141668358,0.9199934501391844,0.9218302811089846,0.8547043283885389,0.7496801705756929,0.8388392857142857
2018-01-12,0.7503551857113863,0.9101686589159976,0.9175109300651416,0.764275553749238,0.8017057569296375,0.7803571428571429
2018-01-13,0.8319464176983966,0.9128541018503352,0.91859954699489,0.7500508026823817,0.8059701492537313,0.8013392857142857
2018-01-14,0.8447331033083012,0.9122646143769444,0.9207065475040824,0.8317415159520423,0.8407249466950959,0.8024553571428571
2018-01-15,0.8498071848995332,0.9077779597183552,0.9227784313381204,0.844543791912213,0.8714285714285714,0.8084821428571428
2018-01-16,0.7891211690683986,0.8949074832159815,0.9220409811599034,0.849624060150376,0.8622601279317698,0.7774553571428572
2018-01-17,0.8392530951897706,0.8923857868020303,0.926974874018928,0.7888640520219468,0.847547974413646,0.7604910714285714
2018-01-18,0.8599553480819971,0.9077779597183552,0.9354731094060014,0.839057102214997,0.7526652452025586,0.7379464285714286
2018-01-19,0.830119748325553,0.92064843622073,0.9371060348006256,0.8597845966267019,0.7377398720682303,0.7924107142857143
2018-01-20,0.6245179622488329,0.8871786474537413,0.9206011974786228,0.8299126193863036,0.823454157782516,0.796875
2018-01-21,0.5924497665922468,0.8464712624856721,0.8984601337945326,0.6240601503759399,0.8368869936034116,0.8332589285714286
2018-01-22,0.5364319058250456,0.7959063369903383,0.8689445683282703,0.5919528551107498,0.8422174840085288,0.8654017857142857
2018-01-23,0.5707326973817739,0.7606680858031768,0.8431513704282481,0.5358666937614306,0.7784648187633262,0.8558035714285714
2018-01-24,0.6224883296123401,0.7256918290486322,0.8230470739030432,0.5702093070514123,0.8311300639658848,0.8404017857142857
2018-01-25,0.6206616602394966,0.6870803995415099,0.8105982125612347,0.6220280430806746,0.8528784648187633,0.7410714285714286
2018-01-26,0.4862999797036736,0.6316030784345834,0.7877548153740801,0.620199146514936,0.8215351812366738,0.7254464285714286
2018-01-27,0.53521412624315,0.617193384640576,0.7620845258370941,0.4856736435683804,0.605543710021322,0.8151785714285714
2018-01-28,0.5067992693322508,0.6033731783199605,0.7328498937720577,0.5346474293842715,0.5718550106609808,0.8292410714285714
2018-01-29,0.5027400040592652,0.5979367938431305,0.7028251365160744,0.5061979272505588,0.5130063965884861,0.8348214285714286
2018-01-30,0.5260807793789324,0.5907319469461269,0.6800695310168032,0.5021337126600285,0.5490405117270789,0.7680803571428572
2018-01-31,0.5063933428049523,0.5719993450139186,0.6512738573911817,0.5255029465555782,0.603411513859275,0.8232142857142857
2018-02-01,0.4783844124213517,0.5490420828557391,0.6182641827471771,0.5057915057915058,0.6014925373134329,0.8459821428571429
2018-02-02,0.294905622082403,0.5181594891108561,0.5719628465576879,0.4777484251168462,0.4603411513859275,0.8131696428571429
2018-02-03,0.3016034097828293,0.480465040117897,0.5440275314733197,0.294045925624873,0.511727078891258,0.5870535714285714
2018-02-04,0.3206819565658615,0.4504339282790235,0.5205169174582552,0.3007518796992481,0.4818763326226012,0.5517857142857143
2018-02-05,0.3271767810026385,0.4221057802521694,0.502414271416782,0.3198536882747409,0.4776119402985074,0.4901785714285714
2018-02-06,0.3158108382382789,0.3881775012280986,0.4803609994205745,0.3263564316195895,0.502132196162047,0.5279017857142857
2018-02-07,0.3099249035924498,0.3564761748812836,0.4533211595526131,0.3149766307661044,0.4814498933901919,0.5848214285714286
2018-02-08,0.358027197077329,0.3370558375634515,0.4306006707284956,0.3090835196098354,0.4520255863539446,0.5828125
2018-02-09,0.2819159732088492,0.3349598821025055,0.4129194247888609,0.3572444625076204,0.259275053304904,0.4350446428571428
2018-02-10,0.2880048711183275,0.3327656787293266,0.3915333696205643,0.2810404389351758,0.2663113006396588,0.4888392857142857
2018-02-11,0.3637101684595088,0.3397085311937116,0.379154741629062,0.2871367608209713,0.2863539445628998,0.4575892857142857
2018-02-12,0.3734524051146742,0.3471753725233339,0.3679700805927689,0.3629343629343629,0.2931769722814499,0.453125
2018-02-13,0.2800893038360056,0.3414114950057308,0.3466893754499321,0.3726884779516358,0.2812366737739872,0.4787946428571428
2018-02-14,0.3024152628374264,0.3401997707548713,0.329043246185451,0.2792115423694371,0.2750533049040511,0.4571428571428571
2018-02-15,0.2626344631621676,0.3248075978385454,0.3103787333415267,0.3015647226173542,0.3255863539445629,0.4263392857142857
2018-02-16,0.4312969352547189,0.34891108563943,0.3221779361930008,0.2617354196301564,0.2456289978678038,0.2245535714285714
2018-02-17,0.4731073675664705,0.3787784509579169,0.3370147314452268,0.4306035358666937,0.2520255863539445,0.2319196428571428
2018-02-18,0.4491577024558555,0.3925659079744556,0.3481291591312137,0.4724649461491567,0.3315565031982942,0.2529017857142857
2018-02-19,0.5782423381367973,0.4256099557884391,0.3698488227134653,0.4484860800650274,0.3417910447761194,0.2600446428571428
2018-02-20,0.498883702049929,0.4609137055837559,0.3856864432075572,0.5777281040438935,0.2437100213219616,0.2475446428571428
2018-02-21,0.4022731885528719,0.4770263631897817,0.3936754868049094,0.4982727087990246,0.2671641791044776,0.2410714285714285
2018-02-22,0.4006494824436777,0.4992958899623381,0.397362737695995,0.4015444015444015,0.2253731343283582,0.2939732142857142
2018-02-23,0.2880048711183275,0.4761748812837729,0.3978894878232925,0.3999187157081894,0.4025586353944563,0.2102678571428571
2018-02-24,0.2959204384006494,0.4475847388243,0.3985742629887797,0.2871367608209713,0.4464818763326226,0.2169642857142857
2018-02-25,0.360259792977471,0.4332405436384471,0.3982757712499782,0.2950619792725056,0.4213219616204691,0.3002232142857143
2018-02-26,0.430688045463771,0.4094317995742589,0.4032272224465785,0.3594797805324121,0.5569296375266525,0.3109375
2018-02-27,0.3620864623503146,0.3873587686261667,0.4103207908275247,0.4299939036781142,0.4735607675906183,0.2082589285714285
2018-02-28,0.4828496042216358,0.4003602423448503,0.4259301529331205,0.3613086770981508,0.3720682302771855,0.2328125
2018-03-01,0.4126243149989851,0.4022924512854097,0.4389057644022265,0.4822190611664296,0.3703624733475479,0.1890625
2018-03-02,0.4528110412015425,0.4288848861961678,0.4407669481853457,0.411908148750254,0.2520255863539445,0.3745535714285714
2018-03-03,0.3572153440227318,0.4387751760275092,0.4307411374291082,0.4521438731965048,0.2603411513859275,0.4205357142857143
2018-03-04,0.3582301603409782,0.4384476829867361,0.4228750021947922,0.3564316195895143,0.3279317697228145,0.3941964285714285
2018-03-05,0.246194438806576,0.4086785655804814,0.3941495619194769,0.3574476732371469,0.4019189765458422,0.5361607142857143
2018-03-06,0.3963872539070428,0.4142131979695426,0.385282601443295,0.2452753505385084,0.3298507462686567,0.4488839285714285
2018-03-07,0.4191191394357621,0.4039299164892744,0.3867399434621529,0.3956512903881325,0.4567164179104477,0.3426339285714285
2018-03-08,0.3361071646032068,0.3915834288521371,0.3811563921127946,0.4184108920951026,0.3829424307036247,0.3408482142857142
2018-03-09,0.2725796630809823,0.3625020468315045,0.3798219584569728,0.3352977037187563,0.4251599147121535,0.2169642857142857
2018-03-10,0.3001826669372843,0.353299492385787,0.3801906835460814,0.2716927453769559,0.3247334754797441,0.2256696428571428
2018-03-11,0.3188552871930181,0.3469461273947929,0.3766087826804556,0.2993294045925624,0.3257995735607676,0.2964285714285714
2018-03-12,0.339151613557946,0.3619453086621904,0.3686899724334097,0.3180247917090022,0.2081023454157782,0.3738839285714285
2018-03-13,0.3308301197483255,0.3513672834452268,0.3659859884466135,0.3383458646616541,0.3658848614072494,0.2984375
2018-03-14,0.3562005277044855,0.3412149991812675,0.3550295857988165,0.3300142247510668,0.3897654584221748,0.43125
2018-03-15,0.2815100466815506,0.3324054363844767,0.3436868997243337,0.3554155659418817,0.3025586353944562,0.3540178571428571
2018-03-16,0.375482037751167,0.3490093335516621,0.3369971731076496,0.2806340174761227,0.235820895522388,0.3982142857142857
2018-03-17,0.3799472295514511,0.3618798100540359,0.3389637069162286,0.374720585246901,0.264818763326226,0.2930803571428571
2018-03-18,0.3328597523848183,0.3641395120353694,0.3367689147191545,0.3791912212964844,0.2844349680170576,0.2941964285714286
2018-03-19,0.3626953521412624,0.3679384313083346,0.3468474004881218,0.332046332046332,0.3057569296375266,0.1709821428571428
2018-03-20,0.3742642581692713,0.374946782380874,0.3449335416922728,0.3619183092867303,0.2970149253731343,0.3361607142857143
2018-03-21,0.4526080779378932,0.3905027018175864,0.3478306673924113,0.3735013208697419,0.3236673773987207,0.3611607142857143
2018-03-22,0.4958392530951898,0.4250859669232026,0.3616490790651943,0.4519406624669783,0.2452025586353944,0.2698660714285714
2018-03-23,0.4658006900750964,0.4396594072375956,0.3783646164381158,0.4952245478561268,0.3439232409381663,0.2
2018-03-24,0.4615384615384615,0.4528246274766658,0.3923234948115113,0.465149359886202,0.3486140724946695,0.2303571428571428
2018-03-25,0.4787903389486503,0.4763713771082363,0.4061594648218706,0.460881934566145,0.2991471215351812,0.2508928571428571
2018-03-26,0.482240714430688,0.4956607172097594,0.418538092813372,0.4781548465758992,0.3304904051172708,0.2732142857142857
2018-03-27,0.4440836208646235,0.5069264778123462,0.4283356451811144,0.48160942897785,0.3426439232409382,0.2640625
2018-03-28,0.4879236858128679,0.5126248567217948,0.4397310062683262,0.4434058118268644,0.4249466950959488,0.2919642857142857
2018-03-29,0.4203369190176578,0.5004421156050433,0.4517409091707199,0.4872993294045926,0.470362473347548,0.2098214285714285
2018-03-30,0.370407956159935,0.4850499426887173,0.4513019507313042,0.4196301564722617,0.4388059701492537,0.3131696428571429
2018-03-31,0.4840673838035315,0.4886851154412968,0.4603093779080995,0.369640317008738,0.4343283582089552,0.3180803571428571
2018-04-01,0.4426628780190785,0.4828557393155392,0.4698084385370396,0.4834383255435887,0.4524520255863539,0.2662946428571429
2018-04-02,0.4586969758473716,0.479056820042574,0.4781135322107704,0.4419833367201788,0.4560767590618337,0.2991071428571428
2018-04-03,0.3758879642784656,0.4680530538726051,0.4782539989113829,0.4580369843527738,0.4159914712153518,0.3118303571428571
2018-04-04,0.3379338339760503,0.4438513181594893,0.4683335381806053,0.375127006705954,0.462046908315565,0.3979910714285714
2018-04-05,0.3620864623503146,0.4344522678893076,0.4567625937176264,0.337126600284495,0.3910447761194029,0.4455357142857143
2018-04-06,0.504769636695758,0.4561323071884722,0.4601337945323334,0.3613086770981508,0.338592750533049,0.4125
2018-04-07,0.5851430891008728,0.4724414606189613,0.4708268221164817,0.5041658199552936,0.4579957356076759,0.4078125
2018-04-08,0.5691089912725796,0.4928442770591119,0.4786402823380678,0.5846372688477952,0.414498933901919,0.4267857142857142
2018-04-09,0.4607266084838644,0.4931717700998851,0.4767790985549487,0.5685836212152001,0.4313432835820895,0.4305803571428571
2018-04-10,0.3919220621067587,0.4957589651219907,0.4722666057977633,0.460069091648039,0.3443496801705757,0.3886160714285714
2018-04-11,0.488735538867465,0.5200916980514163,0.4723368391480695,0.3911806543385491,0.3044776119402985,0.4368303571428571
2018-04-12,0.2711589202354373,0.5054200098247912,0.4594314610292698,0.4881121723226986,0.3298507462686567,0.3625
2018-04-13,0.297747107773493,0.4720157196659569,0.453145576176847,0.2702702702702703,0.4797441364605543,0.3075892857142857
2018-04-14,0.3194641769839659,0.4291468806287865,0.4389057644022265,0.2968908758382442,0.564179104477612,0.4325892857142857
2018-04-15,0.3827887152425411,0.3990830194858354,0.4337260548171294,0.3186344238975818,0.5473347547974413,0.3870535714285714
2018-04-16,0.3600568297138218,0.3828393646635007,0.4251927027549034,0.3820361715098557,0.4334754797441364,0.4046875
2018-04-17,0.3572153440227318,0.3772392336662842,0.4235773356978557,0.3592765698028856,0.3611940298507463,0.3136160714285714
2018-04-18,0.3874568703064745,0.3608973309317174,0.4278615700665459,0.3564316195895143,0.4628997867803838,0.271875
2018-04-19,0.3446316216764765,0.3727525790076959,0.4263515530349581,0.3867100182889657,0.2343283582089552,0.2984375
2018-04-20,0.3099249035924498,0.374717537252333,0.409495548961424,0.3438325543588701,0.2622601279317697,0.4553571428571428
2018-04-21,0.3007915567282322,0.371704601277223,0.3848963180166102,0.3090835196098354,0.2850746268656716,0.54375
2018-04-22,0.3911102090521615,0.3730473227443914,0.3694976559619331,0.299939036781142,0.3515991471215351,0.5261160714285714
2018-04-23,0.4174954333265679,0.3823153757982642,0.3657577300581175,0.390367811420443,0.3277185501066098,0.4069196428571429
2018-04-24,0.3200730667749137,0.3763222531521201,0.3595420785560019,0.4167852062588905,0.3247334754797441,0.33125
2018-04-25,0.306474528110412,0.3632552808252821,0.3437746914122171,0.3192440560861613,0.3565031982942431,0.4377232142857143
2018-04-26,0.3464582910493201,0.3635500245619775,0.3502888346531351,0.3056289372078846,0.3115138592750533,0.1984375
2018-04-27,0.4010554089709762,0.3782544620926804,0.3592260284796232,0.3456614509246088,0.2750533049040511,0.2276785714285714
2018-04-28,0.3823827887152425,0.3914196823317505,0.3646691131283691,0.4003251371672424,0.26545842217484,0.2515625
2018-04-29,0.329003450375482,0.3813983952841002,0.3600161536705703,0.3816297500508027,0.3603411513859275,0.3212053571428571
2018-04-30,0.3448345849401258,0.3696741444244306,0.3586992783523258,0.3281853281853282,0.3880597014925373,0.2962053571428571
2018-05-01,0.3397605033488938,0.372850826919928,0.3571892613207379,0.3440357650883967,0.2857142857142857,0.2930803571428571
2018-05-02,0.3643190582504567,0.3821843785819553,0.3551876108370054,0.3389554968502337,0.2714285714285714,0.3263392857142857
2018-05-03,0.361680535823016,0.3846405763877513,0.3566625111934396,0.3635439951229425,0.3134328358208955,0.2792410714285714
2018-05-04,0.4010554089709762,0.3846405763877513,0.3645462047653329,0.3609022556390977,0.3707889125799573,0.2410714285714285
2018-05-05,0.3659427643596509,0.3819878827574911,0.3701824311274203,0.4003251371672424,0.3511727078891258,0.2310267857142857
2018-05-06,0.3121574994925918,0.3792696905190765,0.3633522378101237,0.3651696809591546,0.2950959488272921,0.3303571428571428
2018-05-07,0.3513294093769027,0.3803176682495495,0.3576282197601528,0.3113188376346271,0.311727078891258,0.359375
2018-05-08,0.3357012380759082,0.3796626821680041,0.3589802117535509,0.3505385084332453,0.3063965884861407,0.2522321428571428
2018-05-09,0.3281915973208849,0.3738333060422465,0.3608589538742472,0.3348912822597033,0.3321961620469083,0.2372767857142857
2018-05-10,0.408159123198701,0.3813328966759457,0.3661966884975333,0.3273724852672221,0.3294243070362473,0.28125
2018-05-11,0.3503145930586563,0.3731455706566235,0.3618071041033832,0.4074375127006706,0.3707889125799573,0.3412946428571428
2018-05-12,0.3123604627562411,0.3644997543802193,0.3557494776394573,0.3495224547856126,0.3339019189765458,0.3207589285714285
2018-05-13,0.3860361274609296,0.3764205010643522,0.3606833704984811,0.3115220483641536,0.2773987206823027,0.2620535714285714
2018-05-14,0.3178404708747717,0.3710168658915999,0.3583481116007936,0.38528754318228,0.3185501066098081,0.2794642857142857
2018-05-15,0.3178404708747717,0.3681349271327979,0.3564518111425208,0.3170087380613696,0.3021321961620469,0.2738839285714285
2018-05-16,0.3294093769027806,0.3683314229572621,0.3534317770793461,0.3170087380613696,0.2942430703624733,0.3008928571428571
2018-05-17,0.2969352547188958,0.3503848043229082,0.3478306673924113,0.3285917496443812,0.3782515991471215,0.2979910714285714
2018-05-18,0.2969352547188958,0.3417717373505808,0.3388232402156161,0.2960780329201382,0.3174840085287846,0.3412946428571428
2018-05-19,0.3547797848589405,0.3486163419027345,0.3378575316489029,0.2960780329201382,0.2776119402985074,0.3026785714285714
2018-05-20,0.4026791150801705,0.3513017848370723,0.3456885502080662,0.3539930908351961,0.3550106609808102,0.2435267857142857
2018-05-21,0.3032271158920235,0.3489438349435076,0.3415272242024122,0.4019508230034546,0.2833688699360341,0.2866071428571428
2018-05-22,0.32392936878425,0.3499263140658262,0.34050884062297,0.3023775655354602,0.2833688699360341,0.2694196428571428
2018-05-23,0.3011974832555307,0.3453741607990827,0.3381735817252824,0.3231050599471652,0.2955223880597015,0.2611607142857143
2018-05-24,0.2740004059265273,0.3416734894383496,0.3265675205871509,0.3003454582401951,0.261407249466951,0.3491071428571428
2018-05-25,0.3038360056829713,0.342786965776977,0.3225466612821094,0.2731152204836415,0.261407249466951,0.2854910714285714
2018-05-26,0.437182869900548,0.356083183232356,0.3333450388917175,0.3029871977240398,0.3221748400852878,0.24375
2018-05-27,0.3586360868682768,0.3489765842475845,0.3309746633188764,0.4364966470229628,0.3724946695095948,0.3247767857142857
2018-05-28,0.3133752790744875,0.3506140494514492,0.3305883798921915,0.3578540946961999,0.2680170575692964,0.2497767857142857
2018-05-29,0.3277856707935863,0.3512362862289179,0.3314487384334448,0.3125381020117862,0.2897654584221748,0.2497767857142857
2018-05-30,0.3129693525471889,0.3531357458654005,0.3300265130897405,0.326966063808169,0.2658848614072495,0.2625
2018-05-31,0.3255530748934442,0.3614540691010316,0.3325022386880406,0.3121316805527331,0.2373134328358209,0.2267857142857142
2018-06-01,0.3511264461132535,0.3690846569510396,0.337190314820993,0.3247307457833773,0.2686567164179104,0.2267857142857142
2018-06-02,0.3961842906433935,0.3624692975274278,0.3407722156866187,0.3503352977037187,0.4087420042643923,0.2904017857142857
2018-06-03,0.3539679318043434,0.3617160635336494,0.3365582146682347,0.3954480796586059,0.326226012793177,0.3430803571428571
2018-06-04,0.3283945605845342,0.3641395120353694,0.3387354485277334,0.35318024791709,0.2786780383795309,0.2337053571428571
2018-06-05,0.3545768215952912,0.368462420173571,0.3413867575017997,0.3275756959967486,0.2938166311300639,0.2564732142857143
2018-06-06,0.315201948447331,0.368822662518421,0.3425982827945852,0.3537898801056696,0.2782515991471215,0.2314732142857143
2018-06-07,0.3604627562411203,0.3744555428197151,0.3500781346022154,0.3143669985775248,0.2914712153518123,0.2015625
2018-06-08,0.3363101278668561,0.3720648436220728,0.3528874686144714,0.3596829912619386,0.3183368869936034,0.234375
2018-06-09,0.3647249847777552,0.3669887014900928,0.3466191420996258,0.3355009144482829,0.3656716417910448,0.3810267857142857
2018-06-10,0.329003450375482,0.3629605370885866,0.3440556248134422,0.3639504165819955,0.3213219616204691,0.2946428571428571
2018-06-11,0.2695352141262431,0.3534632389061727,0.3402630238968976,0.3281853281853282,0.294456289978678,0.2448660714285714
2018-06-12,0.2890196874365739,0.3428852136892091,0.336909381419767,0.2686445844340581,0.3219616204690831,0.2607142857142857
2018-06-13,0.3076923076923077,0.3416734894383496,0.3364528646427758,0.2881528144686039,0.2805970149253731,0.2444196428571428
2018-06-14,0.327582707529937,0.3363681021778285,0.336628448018541,0.3068482015850436,0.3281449893390192,0.2582589285714285
2018-06-15,0.3448345849401258,0.3377435729490746,0.3360841395536673,0.3267628530786425,0.302771855010661,0.2863839285714286
2018-06-16,0.4053176375076111,0.344293433764532,0.3368742647446134,0.3440357650883967,0.3326226012793177,0.3359375
2018-06-17,0.4343413842094581,0.361290322580645,0.3438273664249471,0.4045925624872993,0.2950959488272921,0.2895089285714285
2018-06-18,0.3624923888776131,0.3762895038480433,0.3467771671378156,0.4336516968095915,0.2326226012793177,0.2613839285714285
2018-06-19,0.4148569108991272,0.3965940723759619,0.3519919933980645,0.3617150985572038,0.253091684434968,0.2901785714285714
2018-06-20,0.4347473107367566,0.4170951367283446,0.3623338542306815,0.4141434667750457,0.2727078891257996,0.246875
2018-06-21,0.3598538664501725,0.4223022760766335,0.3622811792179516,0.4340581182686446,0.2936034115138592,0.2966517857142857
2018-06-22,0.3448345849401258,0.4223022760766335,0.3630186293961687,0.3590733590733591,0.311727078891258,0.2700892857142857
2018-06-23,0.3637101684595088,0.4155886687407887,0.3629308377082852,0.3440357650883967,0.3752665245202559,0.3013392857142857
2018-06-24,0.3385427237669982,0.4001309972163092,0.3637560795743859,0.3629343629343629,0.4057569296375266,0.2620535714285714
2018-06-25,0.4388065760097422,0.4124447355493698,0.3783997331132685,0.3377362324730746,0.3302771855010661,0.1966517857142857
2018-06-26,0.3480819971585143,0.4016702145079419,0.3835092093480585,0.4381223328591749,0.3852878464818763,0.2180803571428571
2018-06-27,0.3054597117921656,0.3808089078107092,0.383316067634716,0.3472871367608209,0.406183368869936,0.2386160714285714
2018-06-28,0.2957174751370002,0.3704601277222857,0.38055940863519,0.3046128835602519,0.3275053304904051,0.2604910714285714
2018-06-29,0.2443677694337325,0.3542492222040279,0.3718680315347742,0.294858768542979,0.311727078891258,0.2794642857142857
2018-06-30,0.2591840876801299,0.3373833306042246,0.3592260284796232,0.2434464539727697,0.3315565031982942,0.3459821428571428
2018-07-01,0.2494418510249645,0.3230063861142949,0.3432303829473425,0.2582808372282056,0.3051172707889126,0.3779017857142857
2018-07-02,0.2356403490968134,0.2902243327329293,0.3322564219619682,0.2485267222109327,0.4104477611940298,0.2988839285714286
2018-07-03,0.2112847574588999,0.2681513017848371,0.3146454093726407,0.2347083926031294,0.3151385927505331,0.3564732142857142
2018-07-04,0.2439618429064339,0.2582282626494188,0.2981405720506379,0.2103231050599471,0.270362473347548,0.3783482142857143
2018-07-05,0.2409173939516947,0.2493859505485504,0.2878513862307517,0.2430400325137167,0.2601279317697228,0.2959821428571428
2018-07-06,0.4911710980312563,0.2892091043065331,0.3005109476234791,0.2399918715708189,0.206183368869936,0.2794642857142857
2018-07-07,0.4215546985995534,0.3154085475683637,0.3055150738328092,0.4905507010770168,0.2217484008528784,0.3002232142857143
2018-07-08,0.3354982748122589,0.3292942524971345,0.3052516987691605,0.4208494208494208,0.2115138592750533,0.2725446428571428
2018-07-09,0.3708138826872336,0.3511052890126081,0.2993696556809998,0.3346880715301767,0.1970149253731343,0.3828125
2018-07-10,0.3259590014207428,0.3696086458162761,0.2974557968851507,0.3700467384677911,0.1714285714285714,0.2830357142857143
2018-07-11,0.3359042013395575,0.3844440805632879,0.3000895475216406,0.3251371672424304,0.2057569296375266,0.2361607142857142
2018-07-12,0.3162167647655774,0.3965940723759619,0.3018629396168771,0.3350944929892298,0.2025586353944563,0.2254464285714285
2018-07-13,0.3702049928962858,0.3770754871458976,0.3127491089143679,0.3153830522251575,0.46545842217484,0.1689732142857143
2018-07-14,0.3446316216764765,0.3646635009006058,0.3201411690341155,0.3694371062792115,0.3923240938166311,0.1852678571428571
2018-07-15,0.4034909681347676,0.3756345177664971,0.3334679472547537,0.3438325543588701,0.3019189765458422,0.1745535714285714
2018-07-16,0.3214938096204587,0.3676764368757159,0.3408951240496549,0.4027636659215606,0.3390191897654584,0.159375
2018-07-17,0.3464582910493201,0.3709841165875223,0.3525889768756691,0.320666531192847,0.2918976545842217,0.1325892857142857
2018-07-18,0.2541100060888979,0.3577861470443753,0.3534668937544988,0.3456614509246088,0.3023454157782516,0.1685267857142857
2018-07-19,0.259995940734727,0.3487145898149666,0.3551173774866991,0.2532005689900427,0.2816631130063965,0.1651785714285714
2018-07-20,0.263649279480414,0.3315212051743902,0.3354344810633327,0.2590936801463117,0.3383795309168443,0.4404017857142857
2018-07-21,0.2975441445098437,0.323923366628459,0.3247063368040308,0.2627514732777891,0.3115138592750533,0.3638392857142857
2018-07-22,0.3783235234422569,0.3198624529228751,0.3284111460326937,0.2966876651087177,0.3733475479744136,0.2691964285714285
2018-07-23,0.3196671402476151,0.3195677091861796,0.3239864449633909,0.3775655354602723,0.2872068230277185,0.3080357142857143
2018-07-24,0.3080982342196062,0.3133780907155721,0.3224413112566504,0.3188376346271083,0.3134328358208955,0.2587053571428571
2018-07-25,0.370407956159935,0.332143441951858,0.3254262286446716,0.3072546230440967,0.2164179104477611,0.2696428571428571
2018-07-26,0.3647249847777552,0.3490420828557389,0.3296226713254783,0.369640317008738,0.2226012793176972,0.2479910714285714
2018-07-27,0.3730464785873756,0.3666939577533973,0.3298684880515507,0.3639504165819955,0.2264392324093816,0.3073660714285714
2018-07-28,0.3815709356606454,0.3802521696413951,0.3330641054904916,0.3722820564925828,0.262046908315565,0.2792410714285714
2018-07-29,0.4146539476354779,0.3861142950712294,0.3340298140572048,0.3808169071326966,0.346908315565032,0.3439732142857143
2018-07-30,0.3068804546377106,0.3840510889143603,0.3327656137516902,0.4139402560455192,0.2852878464818763,0.2537946428571428
2018-07-31,0.3048508220012177,0.3835271000491238,0.3291661545484872,0.3060353586669376,0.2731343283582089,0.28125
2018-08-01,0.3860361274609296,0.386048796463075,0.3405790739732763,0.3040032513716724,0.338592750533049,0.1796875
2018-08-02,0.3395575400852446,0.3819878827574911,0.3474619423033028,0.38528754318228,0.3326226012793177,0.1861607142857143
2018-08-03,0.2989648873553887,0.3700343867692813,0.3505170930416302,0.3387522861207072,0.34136460554371,0.1901785714285714
2018-08-04,0.3838035315607875,0.3703946291141313,0.357979386511685,0.2981101402154034,0.350319829424307,0.2274553571428571
2018-08-05,0.3771057438603613,0.3643360078598327,0.3578740364862252,0.3830522251574883,0.3850746268656716,0.3162946428571428
2018-08-06,0.4229754414450984,0.3830686097920417,0.3668112303127142,0.3763462710831132,0.2718550106609808,0.2517857142857143
2018-08-07,0.3338745687030647,0.3877517602750943,0.3690411391849419,0.4222718959561065,0.2697228144989339,0.2390625
2018-08-08,0.3054597117921656,0.3747502865564107,0.3634224711604299,0.3330623856939646,0.3550106609808102,0.3075892857142857
2018-08-09,0.2662878019078546,0.3629277877845098,0.3549066774357803,0.3046128835602519,0.306183368869936,0.3013392857142857
2018-08-10,0.2886137609092754,0.3612575732765674,0.3476024090039153,0.2653932127616338,0.2635394456289979,0.3104910714285714
2018-08-11,0.2768418916176172,0.3439986900278365,0.338542306814391,0.2877463930095509,0.3526652452025586,0.3198660714285714
2018-08-12,0.390704282524863,0.3461928934010154,0.3364704229803522,0.2759601706970128,0.3456289978678038,0.35625
2018-08-13,0.3074893444286584,0.3275585393810377,0.3365230979930821,0.3899613899613899,0.393816631130064,0.2377232142857142
2018-08-14,0.2806981936269535,0.3189782217127887,0.3344336558214669,0.3066449908555171,0.3002132196162047,0.2354910714285714
2018-08-15,0.334077531966714,0.3235958735876859,0.3299387214018578,0.2798211745580166,0.270362473347548,0.3247767857142857
2018-08-16,0.3953724375887964,0.3444244309808417,0.3347672642354219,0.3332655964234912,0.2292110874200426,0.2736607142857143
2018-08-17,0.3807590826060483,0.3592926150319303,0.3418432742787908,0.3946352367404999,0.2526652452025586,0.2290178571428571
2018-08-18,0.3505175563223057,0.3711806124119864,0.3389637069162286,0.3800040642145905,0.2402985074626865,0.3223214285714286
2018-08-19,0.3817738989242947,0.369739643032585,0.3393675486804907,0.3497256655151392,0.3599147121535181,0.3149553571428571
2018-08-20,0.2884107976456261,0.3666612084493205,0.3277263708672065,0.3810201178622231,0.2724946695095949,0.3654017857142857
2018-08-21,0.2979500710371423,0.3694448992958896,0.3246185451161482,0.2875431822800244,0.2443496801705757,0.2674107142857143
2018-08-22,0.310127866856099,0.3655804814147699,0.3250223868804103,0.2970940865677707,0.3004264392324093,0.2361607142857142
2018-08-23,0.3448345849401258,0.3574259046995253,0.3318174635225533,0.3092867303393619,0.364818763326226,0.1930803571428571
2018-08-24,0.3846153846153846,0.3580481414769931,0.3401225571962842,0.3440357650883967,0.3494669509594882,0.2176339285714285
2018-08-25,0.4254110006088898,0.3701326346815126,0.352975260302354,0.3838650680755944,0.3176972281449893,0.2046875
2018-08-26,0.3872539070428252,0.3710168658915999,0.3526767685635526,0.4247104247104247,0.3505330490405117,0.3299107142857143
2018-08-27,0.4534199309924903,0.3976420501064349,0.3653012132811263,0.3865068075594391,0.2524520255863539,0.2383928571428571
2018-08-28,0.3009945199918815,0.3981332896675945,0.3670570470387866,0.4527535053850843,0.2624733475479744,0.2089285714285714
2018-08-29,0.3283945605845342,0.4010807270345501,0.3665654135866418,0.3001422475106685,0.2752665245202558,0.2676339285714286
2018-08-30,0.3890805764156688,0.4082200753233994,0.3660211051217671,0.3275756959967486,0.311727078891258,0.3350446428571428
2018-08-31,0.4430688045463771,0.4176518748976579,0.3714115147577821,0.3883357041251778,0.3535181236673774,0.3189732142857143
2018-09-01,0.4254110006088898,0.4176518748976579,0.3778905413235474,0.4423897581792319,0.3963752665245202,0.2857142857142857
2018-09-02,0.4294702658818753,0.424463730145734,0.3820167506540479,0.4247104247104247,0.3562899786780383,0.3200892857142857
2018-09-03,0.4666125431296935,0.4265924349107576,0.3974329710463013,0.4287746393009551,0.4257995735607676,0.2174107142857143
2018-09-04,0.373249441851025,0.4382511871622727,0.4039471142872192,0.465962202804308,0.2656716417910448,0.2279017857142857
2018-09-05,0.3633042419322103,0.4438840674635661,0.4085473987322881,0.3724852672221093,0.294456289978678,0.2412946428571428
2018-09-06,0.2918611731276639,0.4281971508105447,0.4039646726247956,0.3625279414753099,0.3582089552238806,0.2794642857142857
2018-09-07,0.3490968134767607,0.4130342230227607,0.4008919635488909,0.2909977646819752,0.4149253731343283,0.3232142857142857
2018-09-08,0.4700629186117313,0.4202390699197644,0.4047547978157426,0.3483031904084536,0.3963752665245202,0.3680803571428571
2018-09-09,0.4142480211081794,0.4177828721139676,0.4070900567134302,0.4694167852062589,0.4006396588486141,0.3261160714285714
2018-09-10,0.3706109194235843,0.4022924512854097,0.3999262549821777,0.4135338345864661,0.4396588486140725,0.3988839285714285
2018-09-11,0.3322508625938705,0.3956770918617978,0.4026302389689739,0.3698435277382645,0.3415778251599147,0.23125
2018-09-12,0.4312969352547189,0.406648108727689,0.4115323161203093,0.3314366998577525,0.3311300639658848,0.2613839285714285
2018-09-13,0.4641769839659022,0.4344522678893076,0.4180289010236509,0.4306035358666937,0.2560767590618337,0.328125
2018-09-14,0.4085650497259996,0.4440478139839526,0.4150439836356288,0.4635236740499898,0.3162046908315565,0.3875
2018-09-15,0.4353562005277044,0.4384476829867361,0.4159043421768821,0.4078439341597236,0.4432835820895522,0.3680803571428571
2018-09-16,0.5100466815506394,0.4539053545112165,0.4228750021947922,0.4346677504572241,0.3846481876332622,0.3725446428571428
2018-09-17,0.4166835802719708,0.4613394465367612,0.4185556511509493,0.5094492989229832,0.3388059701492537,0.4133928571428571
2018-09-18,0.3606657195047696,0.4659243491075815,0.4174670342211999,0.4159723633407844,0.2985074626865671,0.3107142857142857
2018-09-19,0.3336716054394155,0.4501719338464057,0.4149035169350163,0.3598862019914651,0.4025586353944563,0.2997767857142857
2018-09-20,0.3070834179013598,0.4248239724905848,0.4162203922532617,0.3328591749644381,0.4371002132196162,0.2212053571428571
2018-09-21,0.1796224883296123,0.3878827574914031,0.4015591803768017,0.3062385693964641,0.3786780383795309,0.2841517857142857
2018-09-22,0.232392936878425,0.3551334534141152,0.3809983670746048,0.1786222312538102,0.4068230277185501,0.4171875
2018-09-23,0.3572153440227318,0.3304732274439164,0.376064474215581,0.2314570209307051,0.4852878464818763,0.3558035714285714
2018-09-24,0.3034300791556728,0.3121991157687894,0.3702526644777275,0.3564316195895143,0.3872068230277185,0.3078125
2018-09-25,0.2634463162167648,0.2965121991157689,0.3643003880392605,0.3025807762649868,0.3283582089552239,0.265625
2018-09-26,0.3133752790744875,0.2932372687080402,0.3540989939072569,0.2625482625482625,0.3,0.3745535714285714
2018-09-27,0.3553886746498884,0.3010316030784348,0.3446877249662004,0.3125381020117862,0.2720682302771855,0.4107142857142857
2018-09-28,0.3610716460320682,0.3303094809235299,0.3405790739732763,0.3546027230237756,0.1381663113006396,0.3495535714285714
2018-09-29,0.4191191394357621,0.3604388406746354,0.3391744069671483,0.3602926234505182,0.1936034115138592,0.3790178571428571
2018-09-30,0.3371219809214532,0.3571966595709843,0.324214703351886,0.4184108920951026,0.3247334754797441,0.4611607142857143
2018-10-01,0.2918611731276639,0.3553299492385786,0.3134163257422788,0.3363137573663889,0.2682302771855011,0.3584821428571428
2018-10-02,0.361680535823016,0.3711806124119864,0.3135041174301614,0.2909977646819752,0.2262260127931769,0.296875
2018-10-03,0.3545768215952912,0.377828721139676,0.3153126262005515,0.3609022556390977,0.2786780383795309,0.2671875
2018-10-04,0.4317028617820174,0.3901424594727357,0.3260934454725825,0.3537898801056696,0.3228144989339019,0.2379464285714285
2018-10-05,0.3998376293890806,0.3963975765514985,0.3451442417431916,0.4310099573257468,0.3287846481876332,0.0977678571428571
2018-10-06,0.4158717272173736,0.3958735876862612,0.3610169789124361,0.3991058727900833,0.3897654584221748,0.1558035714285714
2018-10-07,0.4026791150801705,0.4064516129032257,0.3649500465295942,0.4151595204226783,0.3036247334754797,0.2930803571428571
2018-10-08,0.473513294093769,0.4357622400523984,0.379663933418784,0.4019508230034546,0.2560767590618337,0.2339285714285714
2018-10-09,0.4899533184493607,0.4564598002292453,0.3992590381542678,0.4728713676082097,0.3294243070362473,0.1899553571428571
2018-10-10,0.5346052364522021,0.4855084329457994,0.4183976261127595,0.4893314366998577,0.3219616204690831,0.2448660714285714
2018-10-11,0.3775116703876598,0.4767643687571639,0.4203114849086086,0.5340377971956919,0.4029850746268656,0.2910714285714286
2018-10-12,0.4136391313172315,0.4789913214344196,0.4248590943409475,0.3767526925421662,0.3695095948827292,0.2973214285714285
2018-10-13,0.5197889182058048,0.4957589651219907,0.4335680297789405,0.4129242023978866,0.3863539445628998,0.3611607142857143
2018-10-14,0.5368378323523443,0.5174062551170786,0.4508454339543131,0.519203413940256,0.3724946695095948,0.2709821428571428
2018-10-15,0.3527501522224477,0.497920419191092,0.4561129352272928,0.5362731152204836,0.4469083155650319,0.2212053571428571
2018-10-16,0.3998376293890806,0.4833797281807757,0.4594139026916926,0.3519609835399309,0.4641791044776119,0.2979910714285714
2018-10-17,0.4140450578445301,0.4639266415588668,0.4645584956016361,0.3991058727900833,0.511087420042644,0.2901785714285714
2018-10-18,0.4875177592855693,0.4816767643687573,0.4693870384352011,0.4133306238569396,0.3460554371002132,0.375
2018-10-19,0.4802110817941952,0.4924185361061076,0.4763401401155338,0.4868929079455395,0.3840085287846482,0.3399553571428571
2018-10-20,0.5344022731885528,0.4947764859996722,0.4865942092602673,0.4795773216825848,0.4955223880597015,0.3575892857142857
2018-10-21,0.6360868682768419,0.5107908956934667,0.5067862974733548,0.5338345864661654,0.5134328358208955,0.3430803571428571
2018-10-22,0.4753399634666125,0.5305714753561487,0.5069443225115446,0.6356431619589514,0.3200426439232409,0.4209821428571428
2018-10-23,0.4582910493200731,0.5400032749304073,0.5042052218495949,0.4747002641739484,0.3695095948827292,0.4390625
2018-10-24,0.523645220215141,0.5576878991321433,0.503257071620459,0.4576305628937208,0.3844349680170575,0.4881696428571428
2018-10-25,0.5169474325147149,0.5624365482233503,0.5153196495355817,0.5230644178012599,0.4616204690831556,0.3154017857142857
2018-10-26,0.569311954536229,0.57681349271328,0.5287868944568325,0.5163584637268848,0.4539445628997868,0.3551339285714285
2018-10-27,0.6498883702049929,0.5954478467332569,0.5400417888434318,0.5687868319447267,0.5108742004264393,0.471875
2018-10-28,0.6496854069413436,0.597642050106435,0.5498042245360205,0.6494614915667547,0.6176972281449893,0.490625
2018-10-29,0.5067992693322508,0.602718192238415,0.5631310027566587,0.6492582808372283,0.4488272921108742,0.2881696428571428
2018-10-30,0.4806170083214938,0.6063206156869161,0.5701192211121451,0.5061979272505588,0.4309168443496802,0.3399553571428571
2018-10-31,0.4846762735944794,0.6000327493040774,0.5762295225888009,0.4799837431416379,0.4995735607675906,0.3555803571428571
2018-11-01,0.4893444286584128,0.5955788439495658,0.5763875476269907,0.4840479577321682,0.4925373134328358,0.4363839285714285
2018-11-02,0.5122792774507814,0.5863762895038475,0.5791617649640931,0.4887218045112781,0.5475479744136461,0.4283482142857143
2018-11-03,0.6103105337933834,0.5799901752087766,0.585728583217741,0.5116846169477749,0.6321961620469083,0.4879464285714285
2018-11-04,0.6153846153846154,0.5744555428197146,0.583937632784928,0.6098353993090835,0.6319829424307036,0.5997767857142857
2018-11-05,0.53521412624315,0.5790404453905349,0.5891173423700243,0.6149156675472465,0.4818763326226012,0.4229910714285714
2018-11-06,0.4402273188552872,0.5725233338791551,0.5875546503257074,0.5346474293842715,0.4543710021321961,0.4042410714285714
2018-11-07,0.445910290237467,0.5662682168003932,0.5808298070338698,0.4395448079658606,0.45863539445629,0.4761160714285714
2018-11-08,0.3521412624314999,0.5441296872441457,0.566572436921672,0.4452347083926031,0.4635394456289978,0.46875
2018-11-09,0.4282524862999797,0.5305714753561487,0.5543693923059367,0.3513513513513513,0.4876332622601279,0.5263392857142857
2018-11-10,0.5542926730261822,0.5215326674308169,0.5460994153073586,0.4275553749237959,0.5906183368869936,0.6149553571428571
2018-11-11,0.5143089100872742,0.505223514000327,0.5343880041437672,0.5537492379597643,0.5959488272921108,0.6147321428571428
2018-11-12,0.5526689669169881,0.5080399541509745,0.5383561884360788,0.51371672424304,0.511727078891258,0.4575892857142857
2018-11-13,0.5467830322711589,0.5252333387915509,0.5440802064860497,0.5521235521235521,0.4119402985074626,0.4287946428571428
2018-11-14,0.2780596711995129,0.498149664319633,0.5262058188330725,0.5462304409672831,0.417910447761194,0.4332589285714285
2018-11-15,0.4524051146742439,0.5143278205338132,0.5230102013941317,0.2771794350741719,0.3194029850746269,0.4383928571428571
2018-11-16,0.5072051958595494,0.527067299819879,0.5225712429547168,0.4517374517374517,0.3993603411513859,0.4636160714285714
2018-11-17,0.6052364522021514,0.5352873751432781,0.5221322845153019,0.5066043487096119,0.531769722814499,0.5714285714285714
2018-11-18,0.4905622082403085,0.5314557065662352,0.5113339069056938,0.6047551310709205,0.4897654584221748,0.5770089285714286
2018-11-19,0.3531560787497463,0.4992631406582605,0.4955840780994854,0.4899410688884373,0.5300639658848614,0.4888392857142857
2018-11-20,0.3083011974832555,0.460782708367447,0.4841711586746963,0.3523674049989839,0.5238805970149254,0.384375
2018-11-21,0.4716866247209255,0.49202554445718,0.4864010675469249,0.3074578337736232,0.2415778251599147,0.390625
2018-11-22,0.5313578242338137,0.504765023743245,0.5019050796270609,0.471042471042471,0.4247334754797441,0.2875
2018-11-23,0.4448954739192206,0.4947109873915177,0.5033448633083416,0.5307864255232676,0.4823027718550106,0.3712053571428571
2018-11-24,0.5453622894256139,0.4850499426887173,0.5025722964549718,0.4442186547449705,0.5852878464818764,0.5098214285714285
2018-11-25,0.3344834584940125,0.4598657278532829,0.4870156093621058,0.5448079658605974,0.464818763326226,0.4658482142857142
2018-11-26,0.413233204789933,0.4695595218601602,0.4749530314469822,0.3336720178825442,0.3204690831556503,0.5080357142857143
2018-11-27,0.482240714430688,0.4976256754543965,0.4693694800976238,0.4125177809388335,0.2733475479744136,0.5015625
2018-11-28,0.4485488126649076,0.4938922547895857,0.4841184836619663,0.48160942897785,0.4449893390191897,0.2060267857142857
2018-11-29,0.4664095798660442,0.4834124774848534,0.4853300089547519,0.4478764478764478,0.5076759061833689,0.3977678571428571
2018-11-30,0.4970570326770854,0.4918290486327166,0.4844520920759222,0.4657589920747815,0.4168443496801706,0.4580357142857142
2018-12-01,0.5792571544550437,0.4972981824136234,0.4822046248661173,0.4964438122332859,0.5223880597014925,0.5658482142857143
2018-12-02,0.620864623503146,0.543507450466677,0.4934770775902938,0.5787441576915261,0.3008528784648188,0.4397321428571428
2018-12-03,0.4871118327582707,0.55542819715081,0.5050655803908483,0.6204023572444625,0.3835820895522388,0.2886160714285714
2018-12-04,0.4101887558351938,0.5438021942033734,0.513879865854301,0.4864864864864865,0.4560767590618337,0.2392857142857143
2018-12-05,0.4024761518165212,0.5363681021778286,0.5078924727406805,0.4094696199959358,0.420682302771855,0.4189732142857142
2018-12-06,0.3949665110614979,0.5248403471426233,0.4960932698892065,0.4017476122739281,0.4394456289978678,0.4845982142857143
2018-12-07,0.2841485691089913,0.4904863271655473,0.4821870665285409,0.3942288152814469,0.4716417910447761,0.3895089285714285
2018-12-08,0.344225695149178,0.452562633044048,0.4647867539901322,0.2832757569599675,0.5579957356076759,0.5
2018-12-09,0.4341384209458088,0.4224332732929425,0.4734078977402416,0.3434261328998171,0.6017057569296376,0.2680803571428571
2018-12-10,0.4314998985183682,0.4134599639757651,0.4749881481221358,0.433448486080065,0.4611940298507462,0.3546875
2018-12-11,0.4286584128272783,0.4164401506467983,0.4703527470019133,0.4308067465962202,0.3803837953091684,0.4305803571428571
2018-12-12,0.5147148366145727,0.4345505158015388,0.4760767650518851,0.427961796382849,0.3722814498933902,0.3935267857142857
2018-12-13,0.4757458899939111,0.4475847388243,0.4768844485804085,0.514123145702093,0.3643923240938166,0.4131696428571428
2018-12-14,0.3423990257763344,0.4569837890944818,0.4635049953470404,0.4751066856330014,0.2479744136460554,0.446875
2018-12-15,0.4706718084026791,0.4773866055346324,0.4541112847435602,0.3415972363340784,0.3110874200426439,0.5372767857142857
2018-12-16,0.4940125837223462,0.487047650237432,0.4431373237581868,0.4700264173948384,0.4055437100213219,0.5830357142857143
2018-12-17,0.4503754820377512,0.4900933355166197,0.4399592646568223,0.4933956512903881,0.402771855010661,0.4359375
2018-12-18,0.385630200933631,0.4831504830522347,0.4378347058100535,0.4497053444421865,0.3997867803837953,0.3513392857142857
2018-12-19,0.3411812461944388,0.4551498280661536,0.4325320878619211,0.3848811217232269,0.4901918976545842,0.3428571428571428
2018-12-20,0.2790744875177592,0.423415752415261,0.4225062771056836,0.3403779719569193,0.4492537313432835,0.3345982142857143
2018-12-21,0.2439618429064339,0.4075323399377763,0.4190297262655167,0.2781954887218045,0.3091684434968017,0.2127232142857142
2018-12-22,0.1950476963669575,0.3630587850008187,0.406124348146717,0.2430400325137167,0.4439232409381663,0.2787946428571428
2018-12-23,0.1901765780393748,0.3140330767971176,0.3850192263796463,0.1940662466978256,0.4684434968017057,0.3776785714285714
2018-12-24,0.1625735741830728,0.267594563615523,0.3617544290906532,0.1891891891891892,0.4226012793176972,0.3747767857142857
2018-12-25,0.1585143089100872,0.2309480923530376,0.3383842817762013,0.1615525299735826,0.3545842217484009,0.3716517857142857
2018-12-26,0.1790135985386645,0.2047813983952839,0.3093427914245074,0.1574883153830522,0.3078891257995735,0.4662946428571428
2018-12-27,0.1538461538461538,0.1845750777795974,0.2814952680280226,0.1780125990652306,0.2426439232409381,0.4234375
2018-12-28,0.1915973208849198,0.1761257573276566,0.2684494232086104,0.1528144686039423,0.2057569296375266,0.2767857142857143
2018-12-29,0.1944388065760097,0.1760275094154245,0.24455252576686,0.1906116642958748,0.1543710021321961,0.4178571428571428
2018-12-30,0.198295108585346,0.1773374815785161,0.2189700279177567,0.1934566145092461,0.1492537313432835,0.4435267857142857
2018-12-31,0.2007306677491374,0.1834943507450468,0.1973732726985403,0.1973176183702499,0.1202558635394456,0.3955357142857142
2019-01-01,0.2049928962857722,0.1909939413787459,0.1817463522553681,0.1997561471245681,0.1159914712153518,0.3243303571428571
2019-01-02,0.1806373046478587,0.1912559358113638,0.1678577072322789,0.204023572444625,0.1375266524520255,0.2754464285714286
2019-01-03,0.139435762127055,0.1889307352218768,0.1557775709795798,0.1796382849014428,0.1110874200426439,0.2071428571428571
2019-01-04,0.1508017048914146,0.1823481251023417,0.1477182940319204,0.1383865068075594,0.1507462686567164,0.1685267857142857
2019-01-05,0.1784047087477166,0.179760930080236,0.1462785103506398,0.1497663076610445,0.1537313432835821,0.1147321428571428
2019-01-06,0.1483661457276233,0.1717046012772227,0.1426614928098604,0.177402966876651,0.1577825159914712,0.109375
2019-01-07,0.1641972802922671,0.1658097265433107,0.1428019595104729,0.1473277789067262,0.1603411513859275,0.0790178571428571
2019-01-08,0.2311751572965293,0.1700343867692812,0.1490878443628957,0.1631782158097947,0.164818763326226,0.0745535714285714
2019-01-09,0.3178404708747717,0.1921729163255278,0.1610977472652885,0.230237756553546,0.1392324093816631,0.0970982142857142
2019-01-10,0.2157499492591841,0.2044866546585884,0.1664530402261509,0.3170087380613696,0.0959488272921108,0.0694196428571428
2019-01-11,0.263649279480414,0.222695267725561,0.1726862500658438,0.2147937411095306,0.1078891257995735,0.1109375
2019-01-12,0.3322508625938705,0.2475192402161454,0.184608361280354,0.2627514732777891,0.1368869936034115,0.1140625
2019-01-13,0.3192612137203166,0.2750941542492221,0.1950731304760063,0.3314366998577525,0.1053304904051172,0.1183035714285714
2019-01-14,0.3269738177389892,0.3013590961192071,0.2059944164486506,0.3184312131680553,0.1219616204690831,0.1209821428571428
2019-01-15,0.3746701846965699,0.32451285410185,0.2206731866626869,0.326153220890063,0.1923240938166311,0.1256696428571428
2019-01-16,0.3622894256139639,0.331684951694776,0.2363878987937417,0.373907742328795,0.2833688699360341,0.0988839285714285
2019-01-17,0.4278465597726811,0.3659079744555431,0.2613382964900879,0.3615118878276773,0.1761194029850746,0.0535714285714285
2019-01-18,0.440836208646235,0.3944981169150151,0.2864291608870474,0.4271489534647429,0.2264392324093816,0.0660714285714285
2019-01-19,0.5084229754414451,0.4229245128541013,0.3149790177865956,0.4401544401544401,0.2985074626865671,0.0964285714285714
2019-01-20,0.3996346661254313,0.4358932372687081,0.3367162397064245,0.5078236130867709,0.2848614072494669,0.0633928571428571
2019-01-21,0.4195250659630606,0.4508269199279511,0.3588046283777847,0.3989026620605568,0.2929637526652452,0.0808035714285714
2019-01-22,0.4075502334077532,0.4561323071884722,0.3740628237318493,0.4188173135541556,0.3430703624733475,0.1544642857142857
2019-01-23,0.3091130505378526,0.4475519895202224,0.3733078152160549,0.406827880512091,0.3300639658848614,0.2497767857142857
2019-01-24,0.3736553683783235,0.4388079253315869,0.386968201850649,0.3082706766917293,0.3989339019189765,0.1375
2019-01-25,0.3673635072051958,0.4269526772556084,0.3959405123522907,0.3728916886811623,0.4125799573560768,0.1901785714285714
2019-01-26,0.3998376293890806,0.4094317995742589,0.4017874387652978,0.3665921560658403,0.4835820895522388,0.265625
2019-01-27,0.3320478993302212,0.3985262813165221,0.4028936140326234,0.3991058727900833,0.3692963752665245,0.2513392857142857
2019-01-28,0.3288004871118327,0.3838873423939737,0.4030516390708124,0.331233489128226,0.3901918976545842,0.2598214285714286
2019-01-29,0.2729855896082809,0.3621745537907314,0.3942549119449368,0.3279821174558017,0.3776119402985075,0.3122767857142857
2019-01-30,0.325350111629795,0.3647944981169148,0.3910592945059959,0.2720991668360089,0.2742004264392324,0.2986607142857143
2019-01-31,0.3133752790744875,0.3550679548059599,0.3811563921127946,0.3245275350538508,0.3420042643923241,0.3707589285714285
2019-02-01,0.3342804952303633,0.349729818241362,0.3719382648850805,0.3125381020117862,0.3353944562899786,0.3850446428571428
2019-02-02,0.3815709356606454,0.3467823808744064,0.3609643038997062,0.3334688071530177,0.3695095948827292,0.459375
2019-02-03,0.3200730667749137,0.3448501719338461,0.3540814355696797,0.3808169071326966,0.2982942430703624,0.3397321428571428
2019-02-04,0.3221026994114065,0.3437694448992955,0.3456534335329126,0.3192440560861613,0.2948827292110874,0.3616071428571428
2019-02-05,0.3998376293890806,0.3642377599476006,0.3449862167050018,0.3212761633814265,0.2362473347547974,0.3484375
2019-02-06,0.3505175563223057,0.3682986736531845,0.3485681175706285,0.3991058727900833,0.2912579957356077,0.2401785714285714
2019-02-07,0.3697990663689872,0.3774029801866708,0.3482345091566726,0.3497256655151392,0.2786780383795309,0.3111607142857143
2019-02-08,0.3480819971585143,0.3796299328639265,0.3465664670868959,0.3690306848201585,0.3006396588486141,0.3042410714285714
2019-02-09,0.4292673026182261,0.387326019322089,0.3491124260355032,0.3472871367608209,0.350319829424307,0.3399553571428571
2019-02-10,0.421960625126852,0.4037661699688879,0.3568907695819356,0.4285714285714285,0.2857142857142857,0.2654017857142857
2019-02-11,0.3982139232798863,0.4160471589978708,0.3628957210331325,0.4212558423084739,0.2878464818763326,0.2618303571428571
2019-02-12,0.4298761924091739,0.4208940560013098,0.3764683159798431,0.3974801869538711,0.3695095948827292,0.2004464285714285
2019-02-13,0.4073472701441039,0.4300638611429505,0.3835618843607884,0.4291810607600081,0.3176972281449893,0.2580357142857143
2019-02-14,0.7454840673838036,0.4906828229900115,0.4209435850613658,0.4066246697825645,0.337953091684435,0.2448660714285714
2019-02-15,0.496042216358839,0.5145570656623543,0.4349375801099149,0.7451737451737451,0.3151385927505331,0.2678571428571428
2019-02-16,0.7781611528313376,0.5708531193712135,0.4692465717345876,0.4954277585856533,0.4004264392324094,0.3198660714285714
2019-02-17,0.5993505175563223,0.5994760111347631,0.4934068442399876,0.7778906726275148,0.3927505330490405,0.2522321428571428
2019-02-18,0.551248224071443,0.6241689864090387,0.5132302073639665,0.5988620199146515,0.3678038379530917,0.2544642857142857
2019-02-19,0.4209458088086056,0.6227280170296381,0.515056274471933,0.5507010770168664,0.4010660980810234,0.3399553571428571
2019-02-20,0.4586969758473716,0.6310135909611916,0.5244148684002596,0.4202397886608413,0.3773987206823028,0.2857142857142857
2019-02-21,0.4426628780190785,0.5821516292778779,0.5307183115902587,0.4580369843527738,0.7326226012793177,0.3069196428571428
2019-02-22,0.4694540288207834,0.577861470443753,0.5412181974610647,0.4419833367201788,0.4705756929637527,0.2830357142857143
2019-02-23,0.4475339963466612,0.5245128541018501,0.5427984478429578,0.4688071530176793,0.766950959488273,0.3723214285714286
2019-02-24,0.4420539882281307,0.4991321434419515,0.5445367232630417,0.4468603942288153,0.5791044776119403,0.3642857142857142
2019-02-25,0.4566673432108788,0.4838709677419354,0.5495935244851018,0.4413737045315992,0.5285714285714286,0.3381696428571428
2019-02-26,0.459711792165618,0.4901260848206973,0.5521746001088617,0.4560048770575086,0.3916844349680171,0.3729910714285714
2019-02-27,0.5319667140247615,0.5019485835925982,0.5629554193808927,0.4590530380004064,0.4313432835820895,0.3482142857142857
2019-02-28,0.433529531154861,0.5004748649091209,0.5359682545256612,0.5313960577118472,0.414498933901919,0.7200892857142858
2019-03-01,0.4448954739192206,0.4965121991157682,0.5315435534563585,0.4328388538914854,0.4426439232409381,0.4457589285714285
2019-03-02,0.4558554901562817,0.4978549205829375,0.5036609133847202,0.4442186547449705,0.4196162046908315,0.7560267857142857
2019-03-03,0.4237872944996955,0.4949074832159811,0.4884729513809628,0.4551920341394025,0.4138592750533049,0.559375
2019-03-04,0.3742642581692713,0.481611265760602,0.4731620810141693,0.4230847388742125,0.4292110874200426,0.5064732142857142
2019-03-05,0.4493606657195048,0.4799410512526604,0.4756202482748931,0.3735013208697419,0.432409381663113,0.3631696428571428
2019-03-06,0.4201339557540085,0.4618961847060744,0.4722841641353396,0.4486892907945539,0.5083155650319829,0.4046875
2019-03-07,0.4692510655571341,0.4676600622236775,0.4745843063578736,0.4194269457427352,0.4049040511727079,0.3870535714285714
2019-03-08,0.4623503145930586,0.4704765023743242,0.4739697645426927,0.4686039422881528,0.4168443496801706,0.4165178571428571
2019-03-09,0.4615384615384615,0.4713934828884883,0.4751812898354782,0.4616947774842512,0.4283582089552238,0.3924107142857143
2019-03-10,0.46478587375685,0.478008842312101,0.4771478236440572,0.460881934566145,0.3946695095948827,0.3863839285714285
2019-03-11,0.483661457276233,0.4956607172097594,0.4794830825417448,0.4641333062385694,0.3426439232409382,0.4024553571428571
2019-03-12,0.4471280698193627,0.4953004748649087,0.4783944656119954,0.4830319040845356,0.4215351812366738,0.4058035714285714
2019-03-13,0.4142480211081794,0.4943507450466678,0.4682106298175691,0.4464539727697622,0.3908315565031983,0.4852678571428571
2019-03-14,0.3945605845341993,0.4822990011462251,0.4648394290028621,0.4135338345864661,0.4424307036247334,0.3770089285714286
2019-03-15,0.4542317840470875,0.4809890289831343,0.4656471125313855,0.3938223938223938,0.435181236673774,0.3895089285714285
2019-03-16,0.4483458494012584,0.4788603242181098,0.464997454041051,0.4535663483031904,0.4343283582089552,0.4015625
2019-03-17,0.5337933833976051,0.4899950876043885,0.4745140730075673,0.4476732371469213,0.4377398720682303,0.3662946428571428
2019-03-18,0.4962451796224883,0.49202554445718,0.4850666338911031,0.5332249542775859,0.4575692963752665,0.3118303571428571
2019-03-19,0.4860970164400243,0.4983134108400195,0.4882446929924677,0.4956309693151798,0.4191897654584222,0.3944196428571428
2019-03-20,0.4239902577633448,0.4998853774357291,0.4885783014064227,0.4854704328388539,0.3846481876332622,0.3622767857142857
2019-03-21,0.3752790744875177,0.4967741935483869,0.4804487911084579,0.423287949603739,0.3639658848614072,0.4162946428571428
2019-03-22,0.3247412218388472,0.4758801375470766,0.4685442382315241,0.3745173745173745,0.4266524520255863,0.4087053571428571
2019-03-23,0.5737771463365131,0.4961192074668415,0.4782539989113829,0.3239179028652713,0.4204690831556503,0.4078125
2019-03-24,0.5339963466612543,0.4961519567709183,0.4842413920250025,0.5732574679943101,0.5102345415778251,0.4113839285714286
